{"cameraMode":{"drawMode":0,"name":"Shaded","section":"Shading Mode"},"sceneLighting":true,"audioPlay":false,"sceneViewState":{"m_AlwaysRefresh":false,"showFog":true,"showSkybox":true,"showFlares":true,"showImageEffects":true,"showParticleSystems":true,"showVisualEffectGraphs":true,"m_FxEnabled":true},"in2DMode":false,"pivot":{"x":0.030700266361236573,"y":1.2136526107788087,"z":-2.6182892322540285},"rotation":{"x":-0.4004649221897125,"y":0.027202729135751725,"z":-0.011905261315405369,"w":-0.9158508777618408},"size":2.015174627304077,"orthographic":false}