{"cameraMode":{"drawMode":0,"name":"Shaded","section":"Shading Mode"},"sceneLighting":true,"audioPlay":false,"sceneViewState":{"m_AlwaysRefresh":false,"showFog":true,"showSkybox":true,"showFlares":true,"showImageEffects":true,"showParticleSystems":true,"showVisualEffectGraphs":true,"m_FxEnabled":true},"in2DMode":false,"pivot":{"x":-1.8048856258392335,"y":-14.699501037597657,"z":3.9343490600585939},"rotation":{"x":-0.39676564931869509,"y":0.10838732868432999,"z":-0.04722931608557701,"w":-0.9103608131408691},"size":13.05355453491211,"orthographic":false}